id;titulo;descripcion;fecha_hora;ubicacion;precio;cantidad_filas;cantidad_columnas
1;whose;saturate;2025-12-11T18:35:36;famously;3780.45;15568;11546
2;language circa;aw;2025-12-11T09:05:37;dearly;29628.31;1492;24671
3;microchip complicated;pace;2025-12-11T02:37:55;fooey musty brr;26358.8;6251;27361
4;shush;above;2025-12-11T01:29:35;uh-huh;6181.44;998;28000
5;next;fooey wildly regarding;2025-12-11T07:32:47;lest helpful catalyst;25899.64;1100;32639
6;huzzah fashion;once however because;2025-12-11T20:54:31;ignorance premeditation brr;19372.77;28562;30891
7;redact accessorise;deafening scarcely;2025-12-11T08:20:42;quintuple;28030.05;20253;13739
8;as ew;thankfully cop polarisation;2025-12-11T01:35:20;denitrify helpfully;23387.57;2871;28599
9;internalise not;below;2025-12-11T01:53:54;gadzooks coexist incidentally;27693.55;1556;7692
10;finally potentially until;cop-out why yearly;2025-12-11T08:21:55;chunder;2907.84;21681;9063
